f1,f2,f3,f4,f5,f6,f7,f8,f9,f10
kkkkk,zzzzzzzzzzzz,xxx,ee,qqqqqqqqqqqqq,ooooooo,bbbbbbbbbb,uuuuuuuuuuuuu,pppppppppppppppppppp,wwwwwwwwwwwww
wwwww,rrrrrrrrrrrr,zzz,mm,wwwwwwwwwwwww,lllllll,eeeeeeeeee,jjjjjjjjjjjjj,rrrrrrrrrrrrrrrrrrrr,iiiiiiiiiiiii
iiiii,mmmmmmmmmmmm,ddd,ww,ccccccccccccc,hhhhhhh,zzzzzzzzzz,wwwwwwwwwwwww,xxxxxxxxxxxxxxxxxxxx,ttttttttttttt
zzzzz,pppppppppppp,kkk,jj,kkkkkkkkkkkkk,zzzzzzz,vvvvvvvvvv,fffffffffffff,hhhhhhhhhhhhhhhhhhhh,vvvvvvvvvvvvv
aaaaa,iiiiiiiiiiii,hhh,ee,yyyyyyyyyyyyy,iiiiiii,jjjjjjjjjj,hhhhhhhhhhhhh,llllllllllllllllllll,sssssssssssss
uuuuu,cccccccccccc,kkk,yy,rrrrrrrrrrrrr,xxxxxxx,llllllllll,ggggggggggggg,llllllllllllllllllll,ttttttttttttt
ttttt,llllllllllll,jjj,qq,ccccccccccccc,vvvvvvv,jjjjjjjjjj,zzzzzzzzzzzzz,kkkkkkkkkkkkkkkkkkkk,fffffffffffff
ooooo,eeeeeeeeeeee,bbb,ff,rrrrrrrrrrrrr,ggggggg,bbbbbbbbbb,lllllllllllll,gggggggggggggggggggg,hhhhhhhhhhhhh
nnnnn,ssssssssssss,ttt,gg,uuuuuuuuuuuuu,rrrrrrr,tttttttttt,mmmmmmmmmmmmm,oooooooooooooooooooo,sssssssssssss
nnnnn,rrrrrrrrrrrr,sss,mm,vvvvvvvvvvvvv,hhhhhhh,aaaaaaaaaa,vvvvvvvvvvvvv,hhhhhhhhhhhhhhhhhhhh,sssssssssssss
uuuuu,dddddddddddd,hhh,qq,ccccccccccccc,yyyyyyy,hhhhhhhhhh,lllllllllllll,eeeeeeeeeeeeeeeeeeee,sssssssssssss
aaaaa,uuuuuuuuuuuu,lll,dd,ccccccccccccc,uuuuuuu,nnnnnnnnnn,lllllllllllll,dddddddddddddddddddd,vvvvvvvvvvvvv
zzzzz,dddddddddddd,www,rr,yyyyyyyyyyyyy,vvvvvvv,dddddddddd,zzzzzzzzzzzzz,kkkkkkkkkkkkkkkkkkkk,iiiiiiiiiiiii
kkkkk,yyyyyyyyyyyy,www,zz,aaaaaaaaaaaaa,eeeeeee,ssssssssss,iiiiiiiiiiiii,aaaaaaaaaaaaaaaaaaaa,ddddddddddddd
fffff,jjjjjjjjjjjj,uuu,ee,aaaaaaaaaaaaa,ccccccc,yyyyyyyyyy,ccccccccccccc,eeeeeeeeeeeeeeeeeeee,zzzzzzzzzzzzz
ggggg,mmmmmmmmmmmm,ggg,vv,eeeeeeeeeeeee,lllllll,aaaaaaaaaa,ddddddddddddd,qqqqqqqqqqqqqqqqqqqq,vvvvvvvvvvvvv
mmmmm,uuuuuuuuuuuu,rrr,jj,wwwwwwwwwwwww,sssssss,aaaaaaaaaa,yyyyyyyyyyyyy,aaaaaaaaaaaaaaaaaaaa,ddddddddddddd
fffff,llllllllllll,sss,ss,rrrrrrrrrrrrr,wwwwwww,pppppppppp,ppppppppppppp,aaaaaaaaaaaaaaaaaaaa,wwwwwwwwwwwww
fffff,pppppppppppp,ggg,xx,ddddddddddddd,rrrrrrr,oooooooooo,yyyyyyyyyyyyy,iiiiiiiiiiiiiiiiiiii,yyyyyyyyyyyyy
iiiii,jjjjjjjjjjjj,ppp,mm,uuuuuuuuuuuuu,fffffff,uuuuuuuuuu,ooooooooooooo,yyyyyyyyyyyyyyyyyyyy,ccccccccccccc
uuuuu,kkkkkkkkkkkk,ccc,pp,xxxxxxxxxxxxx,fffffff,ffffffffff,ggggggggggggg,mmmmmmmmmmmmmmmmmmmm,aaaaaaaaaaaaa
ggggg,tttttttttttt,www,ee,lllllllllllll,kkkkkkk,nnnnnnnnnn,vvvvvvvvvvvvv,oooooooooooooooooooo,ccccccccccccc
jjjjj,gggggggggggg,ggg,kk,ppppppppppppp,aaaaaaa,tttttttttt,hhhhhhhhhhhhh,eeeeeeeeeeeeeeeeeeee,ddddddddddddd
rrrrr,yyyyyyyyyyyy,eee,gg,ppppppppppppp,fffffff,cccccccccc,ppppppppppppp,pppppppppppppppppppp,xxxxxxxxxxxxx
nnnnn,iiiiiiiiiiii,bbb,aa,qqqqqqqqqqqqq,bbbbbbb,cccccccccc,jjjjjjjjjjjjj,ssssssssssssssssssss,fffffffffffff
aaaaa,xxxxxxxxxxxx,aaa,uu,vvvvvvvvvvvvv,lllllll,vvvvvvvvvv,bbbbbbbbbbbbb,llllllllllllllllllll,wwwwwwwwwwwww
fffff,cccccccccccc,www,oo,ggggggggggggg,lllllll,aaaaaaaaaa,fffffffffffff,qqqqqqqqqqqqqqqqqqqq,nnnnnnnnnnnnn
ttttt,eeeeeeeeeeee,hhh,dd,yyyyyyyyyyyyy,xxxxxxx,rrrrrrrrrr,ttttttttttttt,bbbbbbbbbbbbbbbbbbbb,xxxxxxxxxxxxx
bbbbb,ffffffffffff,eee,kk,wwwwwwwwwwwww,ddddddd,zzzzzzzzzz,rrrrrrrrrrrrr,bbbbbbbbbbbbbbbbbbbb,bbbbbbbbbbbbb
ccccc,oooooooooooo,yyy,nn,kkkkkkkkkkkkk,ddddddd,yyyyyyyyyy,ooooooooooooo,uuuuuuuuuuuuuuuuuuuu,wwwwwwwwwwwww
bbbbb,mmmmmmmmmmmm,xxx,jj,nnnnnnnnnnnnn,ccccccc,bbbbbbbbbb,vvvvvvvvvvvvv,ssssssssssssssssssss,ttttttttttttt
fffff,cccccccccccc,xxx,hh,mmmmmmmmmmmmm,ggggggg,oooooooooo,ooooooooooooo,zzzzzzzzzzzzzzzzzzzz,eeeeeeeeeeeee
jjjjj,xxxxxxxxxxxx,mmm,bb,uuuuuuuuuuuuu,mmmmmmm,ffffffffff,ddddddddddddd,cccccccccccccccccccc,rrrrrrrrrrrrr
hhhhh,tttttttttttt,fff,ll,ppppppppppppp,wwwwwww,wwwwwwwwww,bbbbbbbbbbbbb,ssssssssssssssssssss,bbbbbbbbbbbbb
vvvvv,mmmmmmmmmmmm,ggg,pp,ooooooooooooo,rrrrrrr,eeeeeeeeee,wwwwwwwwwwwww,aaaaaaaaaaaaaaaaaaaa,qqqqqqqqqqqqq
fffff,kkkkkkkkkkkk,sss,ll,xxxxxxxxxxxxx,ttttttt,iiiiiiiiii,nnnnnnnnnnnnn,aaaaaaaaaaaaaaaaaaaa,ggggggggggggg
fffff,jjjjjjjjjjjj,qqq,dd,aaaaaaaaaaaaa,eeeeeee,ssssssssss,lllllllllllll,mmmmmmmmmmmmmmmmmmmm,ttttttttttttt
fffff,oooooooooooo,kkk,xx,mmmmmmmmmmmmm,eeeeeee,eeeeeeeeee,iiiiiiiiiiiii,jjjjjjjjjjjjjjjjjjjj,wwwwwwwwwwwww
sssss,zzzzzzzzzzzz,hhh,qq,mmmmmmmmmmmmm,mmmmmmm,iiiiiiiiii,ggggggggggggg,bbbbbbbbbbbbbbbbbbbb,mmmmmmmmmmmmm
eeeee,mmmmmmmmmmmm,fff,hh,ddddddddddddd,aaaaaaa,aaaaaaaaaa,vvvvvvvvvvvvv,kkkkkkkkkkkkkkkkkkkk,ttttttttttttt
aaaaa,tttttttttttt,ttt,jj,xxxxxxxxxxxxx,nnnnnnn,bbbbbbbbbb,wwwwwwwwwwwww,zzzzzzzzzzzzzzzzzzzz,mmmmmmmmmmmmm
wwwww,gggggggggggg,sss,xx,wwwwwwwwwwwww,ppppppp,mmmmmmmmmm,hhhhhhhhhhhhh,eeeeeeeeeeeeeeeeeeee,kkkkkkkkkkkkk
wwwww,aaaaaaaaaaaa,ccc,pp,kkkkkkkkkkkkk,nnnnnnn,xxxxxxxxxx,ccccccccccccc,mmmmmmmmmmmmmmmmmmmm,ooooooooooooo
yyyyy,zzzzzzzzzzzz,kkk,bb,yyyyyyyyyyyyy,ppppppp,uuuuuuuuuu,aaaaaaaaaaaaa,dddddddddddddddddddd,ccccccccccccc
ooooo,gggggggggggg,hhh,ee,ccccccccccccc,rrrrrrr,yyyyyyyyyy,uuuuuuuuuuuuu,tttttttttttttttttttt,aaaaaaaaaaaaa
ggggg,tttttttttttt,eee,cc,ttttttttttttt,yyyyyyy,wwwwwwwwww,fffffffffffff,wwwwwwwwwwwwwwwwwwww,jjjjjjjjjjjjj
lllll,jjjjjjjjjjjj,bbb,cc,ppppppppppppp,jjjjjjj,uuuuuuuuuu,bbbbbbbbbbbbb,oooooooooooooooooooo,iiiiiiiiiiiii
lllll,eeeeeeeeeeee,www,gg,eeeeeeeeeeeee,zzzzzzz,rrrrrrrrrr,rrrrrrrrrrrrr,iiiiiiiiiiiiiiiiiiii,fffffffffffff
qqqqq,cccccccccccc,ooo,tt,bbbbbbbbbbbbb,zzzzzzz,kkkkkkkkkk,uuuuuuuuuuuuu,llllllllllllllllllll,yyyyyyyyyyyyy
ggggg,dddddddddddd,fff,tt,qqqqqqqqqqqqq,rrrrrrr,yyyyyyyyyy,qqqqqqqqqqqqq,oooooooooooooooooooo,wwwwwwwwwwwww
sssss,tttttttttttt,eee,yy,xxxxxxxxxxxxx,ddddddd,eeeeeeeeee,uuuuuuuuuuuuu,dddddddddddddddddddd,ggggggggggggg
aaaaa,uuuuuuuuuuuu,ooo,hh,ggggggggggggg,ddddddd,rrrrrrrrrr,wwwwwwwwwwwww,qqqqqqqqqqqqqqqqqqqq,aaaaaaaaaaaaa
uuuuu,dddddddddddd,bbb,qq,iiiiiiiiiiiii,uuuuuuu,kkkkkkkkkk,ggggggggggggg,vvvvvvvvvvvvvvvvvvvv,ddddddddddddd
wwwww,llllllllllll,bbb,dd,bbbbbbbbbbbbb,wwwwwww,eeeeeeeeee,jjjjjjjjjjjjj,mmmmmmmmmmmmmmmmmmmm,xxxxxxxxxxxxx
ppppp,llllllllllll,rrr,kk,qqqqqqqqqqqqq,nnnnnnn,kkkkkkkkkk,ddddddddddddd,bbbbbbbbbbbbbbbbbbbb,fffffffffffff
aaaaa,kkkkkkkkkkkk,qqq,hh,ppppppppppppp,sssssss,gggggggggg,lllllllllllll,xxxxxxxxxxxxxxxxxxxx,ttttttttttttt
nnnnn,pppppppppppp,jjj,mm,nnnnnnnnnnnnn,ppppppp,pppppppppp,eeeeeeeeeeeee,ffffffffffffffffffff,vvvvvvvvvvvvv
kkkkk,ssssssssssss,eee,uu,ooooooooooooo,vvvvvvv,bbbbbbbbbb,aaaaaaaaaaaaa,rrrrrrrrrrrrrrrrrrrr,mmmmmmmmmmmmm
iiiii,bbbbbbbbbbbb,zzz,ii,yyyyyyyyyyyyy,iiiiiii,iiiiiiiiii,eeeeeeeeeeeee,dddddddddddddddddddd,mmmmmmmmmmmmm
ddddd,qqqqqqqqqqqq,www,ff,rrrrrrrrrrrrr,vvvvvvv,aaaaaaaaaa,eeeeeeeeeeeee,nnnnnnnnnnnnnnnnnnnn,rrrrrrrrrrrrr
vvvvv,gggggggggggg,ddd,mm,fffffffffffff,rrrrrrr,nnnnnnnnnn,ccccccccccccc,mmmmmmmmmmmmmmmmmmmm,ggggggggggggg
ttttt,uuuuuuuuuuuu,ddd,oo,iiiiiiiiiiiii,ttttttt,oooooooooo,eeeeeeeeeeeee,cccccccccccccccccccc,ppppppppppppp
lllll,gggggggggggg,jjj,bb,ppppppppppppp,ppppppp,ssssssssss,ggggggggggggg,uuuuuuuuuuuuuuuuuuuu,ccccccccccccc
lllll,llllllllllll,mmm,ee,eeeeeeeeeeeee,ooooooo,hhhhhhhhhh,aaaaaaaaaaaaa,jjjjjjjjjjjjjjjjjjjj,vvvvvvvvvvvvv
kkkkk,eeeeeeeeeeee,yyy,tt,jjjjjjjjjjjjj,ggggggg,oooooooooo,lllllllllllll,xxxxxxxxxxxxxxxxxxxx,rrrrrrrrrrrrr
qqqqq,llllllllllll,www,qq,mmmmmmmmmmmmm,iiiiiii,kkkkkkkkkk,rrrrrrrrrrrrr,llllllllllllllllllll,ggggggggggggg
fffff,xxxxxxxxxxxx,ttt,dd,ppppppppppppp,ttttttt,xxxxxxxxxx,fffffffffffff,ssssssssssssssssssss,ppppppppppppp
wwwww,hhhhhhhhhhhh,sss,bb,yyyyyyyyyyyyy,ggggggg,uuuuuuuuuu,ggggggggggggg,oooooooooooooooooooo,rrrrrrrrrrrrr
bbbbb,gggggggggggg,nnn,qq,nnnnnnnnnnnnn,uuuuuuu,uuuuuuuuuu,lllllllllllll,rrrrrrrrrrrrrrrrrrrr,aaaaaaaaaaaaa
ooooo,wwwwwwwwwwww,rrr,ff,xxxxxxxxxxxxx,aaaaaaa,xxxxxxxxxx,iiiiiiiiiiiii,gggggggggggggggggggg,qqqqqqqqqqqqq
ooooo,ssssssssssss,ccc,ff,ttttttttttttt,uuuuuuu,ffffffffff,jjjjjjjjjjjjj,bbbbbbbbbbbbbbbbbbbb,fffffffffffff
wwwww,wwwwwwwwwwww,vvv,ll,ccccccccccccc,jjjjjjj,dddddddddd,zzzzzzzzzzzzz,tttttttttttttttttttt,sssssssssssss
lllll,ssssssssssss,ddd,vv,iiiiiiiiiiiii,lllllll,gggggggggg,ttttttttttttt,xxxxxxxxxxxxxxxxxxxx,vvvvvvvvvvvvv
rrrrr,wwwwwwwwwwww,ooo,xx,eeeeeeeeeeeee,mmmmmmm,nnnnnnnnnn,uuuuuuuuuuuuu,nnnnnnnnnnnnnnnnnnnn,hhhhhhhhhhhhh
fffff,wwwwwwwwwwww,ddd,aa,yyyyyyyyyyyyy,mmmmmmm,mmmmmmmmmm,eeeeeeeeeeeee,mmmmmmmmmmmmmmmmmmmm,zzzzzzzzzzzzz
vvvvv,nnnnnnnnnnnn,iii,jj,ccccccccccccc,jjjjjjj,kkkkkkkkkk,ooooooooooooo,ffffffffffffffffffff,bbbbbbbbbbbbb
ggggg,uuuuuuuuuuuu,ppp,nn,ddddddddddddd,kkkkkkk,nnnnnnnnnn,yyyyyyyyyyyyy,pppppppppppppppppppp,ttttttttttttt
ccccc,gggggggggggg,zzz,xx,fffffffffffff,uuuuuuu,aaaaaaaaaa,yyyyyyyyyyyyy,bbbbbbbbbbbbbbbbbbbb,aaaaaaaaaaaaa
wwwww,bbbbbbbbbbbb,jjj,jj,hhhhhhhhhhhhh,bbbbbbb,eeeeeeeeee,xxxxxxxxxxxxx,dddddddddddddddddddd,bbbbbbbbbbbbb
qqqqq,bbbbbbbbbbbb,ttt,uu,lllllllllllll,jjjjjjj,gggggggggg,ppppppppppppp,zzzzzzzzzzzzzzzzzzzz,yyyyyyyyyyyyy
ppppp,wwwwwwwwwwww,aaa,ww,ggggggggggggg,nnnnnnn,ssssssssss,iiiiiiiiiiiii,tttttttttttttttttttt,ooooooooooooo
ggggg,yyyyyyyyyyyy,aaa,kk,ooooooooooooo,fffffff,zzzzzzzzzz,ggggggggggggg,aaaaaaaaaaaaaaaaaaaa,lllllllllllll
hhhhh,xxxxxxxxxxxx,nnn,cc,ppppppppppppp,jjjjjjj,oooooooooo,wwwwwwwwwwwww,tttttttttttttttttttt,wwwwwwwwwwwww
sssss,wwwwwwwwwwww,qqq,pp,ddddddddddddd,zzzzzzz,bbbbbbbbbb,rrrrrrrrrrrrr,yyyyyyyyyyyyyyyyyyyy,ddddddddddddd
ggggg,oooooooooooo,ddd,gg,vvvvvvvvvvvvv,ppppppp,jjjjjjjjjj,ccccccccccccc,eeeeeeeeeeeeeeeeeeee,bbbbbbbbbbbbb
bbbbb,rrrrrrrrrrrr,ppp,ee,xxxxxxxxxxxxx,yyyyyyy,yyyyyyyyyy,vvvvvvvvvvvvv,ssssssssssssssssssss,eeeeeeeeeeeee
fffff,mmmmmmmmmmmm,bbb,ss,nnnnnnnnnnnnn,nnnnnnn,tttttttttt,rrrrrrrrrrrrr,uuuuuuuuuuuuuuuuuuuu,wwwwwwwwwwwww
yyyyy,dddddddddddd,lll,nn,rrrrrrrrrrrrr,rrrrrrr,eeeeeeeeee,ttttttttttttt,ssssssssssssssssssss,jjjjjjjjjjjjj
ddddd,ssssssssssss,yyy,xx,nnnnnnnnnnnnn,ggggggg,qqqqqqqqqq,ggggggggggggg,dddddddddddddddddddd,kkkkkkkkkkkkk
ddddd,kkkkkkkkkkkk,mmm,kk,nnnnnnnnnnnnn,nnnnnnn,aaaaaaaaaa,ppppppppppppp,eeeeeeeeeeeeeeeeeeee,uuuuuuuuuuuuu
nnnnn,ffffffffffff,ooo,dd,rrrrrrrrrrrrr,ooooooo,rrrrrrrrrr,bbbbbbbbbbbbb,wwwwwwwwwwwwwwwwwwww,qqqqqqqqqqqqq
qqqqq,oooooooooooo,ppp,yy,ccccccccccccc,vvvvvvv,uuuuuuuuuu,fffffffffffff,xxxxxxxxxxxxxxxxxxxx,xxxxxxxxxxxxx
ccccc,pppppppppppp,bbb,cc,sssssssssssss,eeeeeee,hhhhhhhhhh,mmmmmmmmmmmmm,jjjjjjjjjjjjjjjjjjjj,fffffffffffff
sssss,rrrrrrrrrrrr,sss,qq,zzzzzzzzzzzzz,lllllll,aaaaaaaaaa,ggggggggggggg,llllllllllllllllllll,iiiiiiiiiiiii
ppppp,llllllllllll,yyy,pp,nnnnnnnnnnnnn,zzzzzzz,eeeeeeeeee,kkkkkkkkkkkkk,xxxxxxxxxxxxxxxxxxxx,ggggggggggggg
aaaaa,bbbbbbbbbbbb,rrr,uu,nnnnnnnnnnnnn,eeeeeee,oooooooooo,rrrrrrrrrrrrr,uuuuuuuuuuuuuuuuuuuu,xxxxxxxxxxxxx
eeeee,pppppppppppp,nnn,ll,lllllllllllll,bbbbbbb,eeeeeeeeee,ooooooooooooo,dddddddddddddddddddd,wwwwwwwwwwwww
rrrrr,mmmmmmmmmmmm,ppp,ii,ddddddddddddd,ddddddd,iiiiiiiiii,kkkkkkkkkkkkk,eeeeeeeeeeeeeeeeeeee,rrrrrrrrrrrrr
vvvvv,hhhhhhhhhhhh,sss,uu,rrrrrrrrrrrrr,lllllll,iiiiiiiiii,rrrrrrrrrrrrr,wwwwwwwwwwwwwwwwwwww,sssssssssssss
eeeee,jjjjjjjjjjjj,aaa,aa,sssssssssssss,uuuuuuu,xxxxxxxxxx,lllllllllllll,qqqqqqqqqqqqqqqqqqqq,iiiiiiiiiiiii
